,match_api_id,label
145,493017.0,Win
153,493025.0,Defeat
155,493027.0,Win
162,493034.0,Win
168,493040.0,Draw
173,493045.0,Win
176,493048.0,Win
189,493061.0,Win
190,493062.0,Win
217,493080.0,Defeat
219,493082.0,Defeat
226,493089.0,Draw
229,493092.0,Win
231,493094.0,Win
234,493097.0,Win
240,493103.0,Win
242,493105.0,Win
243,493106.0,Defeat
244,493107.0,Defeat
308,665321.0,Defeat
309,665322.0,Draw
310,665323.0,Defeat
313,665411.0,Win
317,665417.0,Win
319,665421.0,Win
320,665425.0,Win
322,665427.0,Defeat
323,665429.0,Win
324,665430.0,Draw
326,665435.0,Win
327,665438.0,Draw
330,665443.0,Draw
332,665445.0,Defeat
335,665536.0,Win
338,665541.0,Defeat
339,665543.0,Win
341,665548.0,Win
344,665554.0,Win
345,665556.0,Draw
349,665570.0,Win
351,665574.0,Win
352,665575.0,Win
356,665586.0,Win
359,665591.0,Win
361,665596.0,Win
362,665598.0,Draw
365,665603.0,Defeat
366,665604.0,Defeat
372,665619.0,Win
376,665626.0,Win
379,665632.0,Defeat
380,665633.0,Draw
381,665634.0,Win
383,665326.0,Win
384,665327.0,Win
386,665329.0,Draw
387,665330.0,Win
388,665332.0,Draw
389,665333.0,Draw
390,665639.0,Win
391,665641.0,Win
395,665647.0,Draw
397,665653.0,Win
399,665655.0,Win
400,665657.0,Win
401,665659.0,Defeat
405,665666.0,Defeat
410,665672.0,Defeat
411,665674.0,Win
412,665675.0,Win
414,665679.0,Defeat
415,665680.0,Win
416,665681.0,Draw
418,665686.0,Win
419,665687.0,Defeat
421,665689.0,Defeat
424,665695.0,Defeat
425,665698.0,Defeat
426,665699.0,Win
427,665700.0,Draw
428,665702.0,Win
429,665704.0,Win
432,665712.0,Win
434,665719.0,Win
435,665721.0,Draw
438,665727.0,Draw
439,665728.0,Win
440,665729.0,Win
441,665730.0,Win
444,665733.0,Win
446,665737.0,Draw
448,665739.0,Win
450,665741.0,Draw
454,665745.0,Win
456,665749.0,Draw
458,665753.0,Win
459,665757.0,Win
460,665334.0,Win
461,665335.0,Draw
463,665337.0,Draw
465,665340.0,Win
468,665763.0,Draw
469,665767.0,Win
471,665771.0,Win
473,665775.0,Defeat
474,665342.0,Draw
477,665345.0,Defeat
478,665346.0,Win
480,665349.0,Defeat
481,665352.0,Draw
482,665353.0,Draw
483,665354.0,Defeat
484,665357.0,Win
487,665360.0,Defeat
488,665361.0,Draw
489,665362.0,Win
491,665364.0,Defeat
493,665366.0,Win
494,665368.0,Win
495,665370.0,Draw
497,665374.0,Defeat
498,665376.0,Defeat
501,665380.0,Defeat
502,665384.0,Win
503,665385.0,Draw
508,665393.0,Win
509,665396.0,Win
512,665402.0,Win
514,665405.0,Defeat
517,838468.0,Win
520,838473.0,Win
523,838476.0,Win
524,838581.0,Win
525,838582.0,Win
528,838585.0,Win
529,838586.0,Win
530,838587.0,Draw
531,838588.0,Defeat
532,838590.0,Win
533,838591.0,Win
534,838593.0,Draw
535,838594.0,Defeat
537,838596.0,Win
538,838597.0,Draw
539,838598.0,Win
540,838599.0,Win
541,838600.0,Win
543,838603.0,Win
544,838604.0,Win
545,838605.0,Win
546,838606.0,Draw
547,838607.0,Win
548,838621.0,Draw
549,838622.0,Win
550,838623.0,Defeat
552,838625.0,Draw
555,838632.0,Win
556,838635.0,Draw
557,838636.0,Defeat
558,838639.0,Defeat
559,838640.0,Win
562,838644.0,Draw
563,838646.0,Defeat
564,838651.0,Win
565,838652.0,Defeat
566,838654.0,Win
567,838656.0,Defeat
568,838657.0,Draw
569,838658.0,Defeat
571,838661.0,Defeat
572,838664.0,Defeat
573,838665.0,Draw
574,838667.0,Defeat
575,838669.0,Win
576,838671.0,Defeat
577,838673.0,Win
578,838675.0,Defeat
579,838676.0,Win
582,838680.0,Defeat
583,838681.0,Win
584,838684.0,Draw
585,838686.0,Draw
586,838688.0,Draw
587,838689.0,Draw
588,838692.0,Win
589,838694.0,Defeat
590,838695.0,Win
591,838696.0,Defeat
593,838699.0,Win
595,838702.0,Defeat
596,838707.0,Draw
597,838709.0,Win
599,838712.0,Win
601,838714.0,Defeat
602,838716.0,Draw
603,838718.0,Defeat
604,838478.0,Win
606,838481.0,Draw
607,838482.0,Defeat
611,838489.0,Defeat
612,838720.0,Defeat
613,838721.0,Draw
614,838723.0,Defeat
615,838725.0,Win
616,838727.0,Win
617,838728.0,Win
619,838732.0,Win
621,838734.0,Defeat
622,838735.0,Draw
625,838739.0,Defeat
626,838741.0,Defeat
627,838742.0,Win
629,838748.0,Win
630,838750.0,Draw
631,838752.0,Defeat
632,838753.0,Draw
633,838754.0,Draw
634,838755.0,Defeat
636,838759.0,Win
637,838761.0,Win
638,838764.0,Win
639,838765.0,Win
640,838767.0,Draw
641,838768.0,Defeat
642,838770.0,Win
643,838772.0,Win
644,838773.0,Win
645,838774.0,Win
646,838775.0,Draw
647,838777.0,Defeat
648,838778.0,Defeat
649,838780.0,Win
651,838783.0,Win
652,838789.0,Win
653,838790.0,Win
654,838791.0,Win
655,838792.0,Draw
656,838794.0,Win
657,838796.0,Defeat
658,838798.0,Win
659,838800.0,Defeat
660,838802.0,Win
661,838804.0,Win
662,838806.0,Defeat
663,838808.0,Draw
664,838809.0,Draw
665,838810.0,Defeat
667,838814.0,Draw
668,838815.0,Win
669,838817.0,Win
670,838819.0,Win
671,838820.0,Win
672,838822.0,Draw
673,838823.0,Win
674,838825.0,Draw
675,838827.0,Win
676,838829.0,Draw
677,838830.0,Draw
678,838832.0,Win
679,838833.0,Win
680,838835.0,Win
681,838838.0,Draw
682,838839.0,Draw
683,838841.0,Defeat
684,838853.0,Win
686,838855.0,Defeat
687,838857.0,Draw
688,838859.0,Defeat
690,838862.0,Draw
691,838864.0,Draw
692,838491.0,Win
693,838493.0,Draw
694,838494.0,Win
698,838499.0,Draw
699,838500.0,Win
700,838867.0,Win
701,838869.0,Win
703,838872.0,Draw
704,838873.0,Win
705,838874.0,Draw
706,838875.0,Draw
707,838876.0,Defeat
708,838503.0,Defeat
709,838504.0,Draw
710,838506.0,Win
711,838508.0,Win
713,838511.0,Defeat
715,838515.0,Defeat
716,838517.0,Draw
718,838519.0,Win
720,838521.0,Win
721,838523.0,Draw
722,838524.0,Defeat
723,838526.0,Draw
724,838528.0,Draw
725,838529.0,Win
726,838531.0,Win
727,838532.0,Defeat
728,838534.0,Draw
729,838536.0,Win
730,838537.0,Win
732,838540.0,Win
733,838542.0,Win
734,838543.0,Win
736,838546.0,Win
737,838547.0,Defeat
739,838552.0,Win
740,838555.0,Win
742,838558.0,Defeat
743,838560.0,Win
744,838561.0,Win
745,838562.0,Defeat
746,838563.0,Draw
747,838564.0,Draw
748,838567.0,Win
749,838568.0,Win
750,838570.0,Win
751,838571.0,Win
753,838575.0,Defeat
754,838576.0,Defeat
755,838578.0,Win
756,1032692.0,Win
757,1032693.0,Draw
758,1032694.0,Win
761,1032697.0,Draw
762,1032698.0,Win
763,1032699.0,Win
764,1032764.0,Win
765,1032765.0,Win
766,1032766.0,Defeat
767,1032767.0,Defeat
768,1032768.0,Draw
770,1032770.0,Defeat
771,1032771.0,Win
773,1032773.0,Win
774,1032774.0,Win
775,1032775.0,Draw
776,1032776.0,Win
777,1032777.0,Defeat
778,1032778.0,Defeat
780,1032780.0,Defeat
781,1032781.0,Win
782,1032782.0,Draw
783,1032783.0,Draw
784,1032784.0,Win
785,1032785.0,Defeat
786,1032786.0,Win
787,1032787.0,Draw
788,1032788.0,Win
789,1032789.0,Draw
790,1032790.0,Win
791,1032791.0,Win
792,1032792.0,Draw
793,1032793.0,Win
794,1032794.0,Defeat
795,1032795.0,Win
796,1032796.0,Win
797,1032797.0,Win
799,1032799.0,Defeat
801,1032801.0,Defeat
803,1032803.0,Win
804,1032804.0,Win
805,1032805.0,Win
806,1032806.0,Defeat
807,1032807.0,Win
808,1032808.0,Defeat
809,1032809.0,Defeat
811,1032811.0,Draw
812,1032812.0,Draw
813,1032813.0,Draw
814,1032814.0,Win
815,1032815.0,Defeat
816,1032816.0,Draw
817,1032817.0,Draw
819,1032819.0,Defeat
820,1032820.0,Win
821,1032821.0,Win
823,1032823.0,Draw
825,1032825.0,Win
826,1032826.0,Defeat
827,1032827.0,Defeat
828,1032828.0,Win
829,1032829.0,Draw
830,1032830.0,Draw
831,1032831.0,Defeat
832,1032832.0,Win
833,1032833.0,Win
835,1032835.0,Defeat
836,1032836.0,Win
837,1032837.0,Win
839,1032839.0,Draw
840,1032840.0,Draw
841,1032841.0,Win
842,1032842.0,Draw
843,1032843.0,Draw
844,1032700.0,Win
845,1032701.0,Win
847,1032703.0,Draw
849,1032705.0,Draw
850,1032706.0,Draw
851,1032707.0,Draw
852,1032844.0,Win
853,1032845.0,Win
854,1032846.0,Draw
855,1032847.0,Draw
856,1032848.0,Draw
857,1032849.0,Win
858,1032850.0,Win
860,1032852.0,Defeat
861,1032853.0,Win
862,1032854.0,Draw
863,1032855.0,Win
864,1032856.0,Win
865,1032857.0,Defeat
866,1032858.0,Draw
867,1032859.0,Draw
868,1032860.0,Win
869,1032861.0,Win
870,1032862.0,Win
871,1032863.0,Defeat
872,1032864.0,Defeat
873,1032865.0,Win
874,1032866.0,Draw
875,1032867.0,Win
876,1032868.0,Win
877,1032869.0,Win
878,1032870.0,Draw
879,1032871.0,Win
880,1032872.0,Draw
881,1032873.0,Defeat
882,1032874.0,Defeat
883,1032875.0,Defeat
884,1032876.0,Win
885,1032877.0,Win
886,1032878.0,Defeat
887,1032879.0,Win
888,1032881.0,Win
889,1032882.0,Draw
890,1032883.0,Defeat
891,1032884.0,Defeat
892,1032885.0,Defeat
893,1032886.0,Defeat
894,1032887.0,Defeat
896,1032889.0,Draw
897,1032890.0,Win
898,1032891.0,Defeat
899,1032892.0,Win
900,1032893.0,Win
901,1032894.0,Win
902,1032895.0,Draw
903,1032896.0,Win
904,1032897.0,Defeat
905,1032898.0,Draw
907,1032900.0,Defeat
908,1032901.0,Draw
909,1032902.0,Win
910,1032903.0,Win
911,1032904.0,Defeat
912,1032905.0,Draw
913,1032906.0,Defeat
914,1032907.0,Win
915,1032908.0,Win
916,1032909.0,Win
917,1032910.0,Win
918,1032911.0,Win
919,1032912.0,Draw
921,1032914.0,Win
922,1032915.0,Defeat
923,1032916.0,Win
924,1032917.0,Win
925,1032918.0,Win
926,1032919.0,Draw
927,1032920.0,Draw
928,1032921.0,Win
929,1032922.0,Draw
930,1032923.0,Win
931,1032924.0,Defeat
932,1032708.0,Win
934,1032710.0,Win
935,1032711.0,Win
936,1032712.0,Defeat
937,1032713.0,Win
938,1032714.0,Win
939,1032715.0,Win
940,1032925.0,Win
941,1032926.0,Win
942,1032927.0,Win
944,1032929.0,Win
945,1032930.0,Win
946,1032931.0,Defeat
947,1032932.0,Win
948,1032716.0,Win
949,1032717.0,Defeat
950,1032718.0,Draw
951,1032719.0,Defeat
952,1032720.0,Draw
954,1032722.0,Win
955,1032723.0,Draw
956,1032724.0,Draw
957,1032725.0,Draw
958,1032726.0,Win
959,1032727.0,Draw
960,1032728.0,Defeat
961,1032729.0,Win
963,1032731.0,Defeat
964,1032732.0,Win
965,1032733.0,Win
966,1032734.0,Defeat
967,1032735.0,Defeat
968,1032736.0,Win
969,1032737.0,Defeat
970,1032738.0,Win
971,1032739.0,Draw
972,1032740.0,Win
973,1032741.0,Defeat
974,1032742.0,Win
975,1032743.0,Defeat
976,1032744.0,Win
977,1032745.0,Win
978,1032746.0,Win
979,1032747.0,Draw
980,1032748.0,Win
981,1032749.0,Win
982,1032750.0,Draw
983,1032751.0,Defeat
984,1032752.0,Win
985,1032753.0,Draw
986,1032754.0,Defeat
987,1032755.0,Draw
988,1032756.0,Win
989,1032757.0,Defeat
990,1032758.0,Win
991,1032759.0,Draw
992,1032760.0,Win
993,1032761.0,Draw
995,1032763.0,Draw
996,1223976.0,Draw
997,1223977.0,Defeat
998,1223980.0,Win
999,1223981.0,Defeat
1000,1223982.0,Win
1001,1223983.0,Win
1002,1223984.0,Win
1003,1223985.0,Draw
1004,1224055.0,Draw
1005,1224056.0,Win
1006,1224057.0,Draw
1007,1224058.0,Defeat
1008,1224059.0,Win
1009,1224060.0,Draw
1010,1224061.0,Defeat
1011,1224062.0,Draw
1012,1224063.0,Win
1013,1224064.0,Win
1014,1224065.0,Defeat
1015,1224066.0,Defeat
1016,1224067.0,Win
1017,1224068.0,Defeat
1018,1224069.0,Win
1019,1224070.0,Defeat
1020,1224071.0,Defeat
1021,1224072.0,Win
1022,1224073.0,Win
1023,1224074.0,Defeat
1024,1224075.0,Win
1025,1224076.0,Draw
1026,1224077.0,Win
1027,1224078.0,Defeat
1028,1224079.0,Win
1029,1224080.0,Defeat
1030,1224081.0,Win
1031,1224082.0,Win
1032,1224083.0,Win
1033,1224084.0,Win
1034,1224085.0,Win
1035,1224086.0,Win
1036,1224087.0,Defeat
1037,1224088.0,Win
1038,1224089.0,Defeat
1039,1224090.0,Defeat
1040,1224091.0,Defeat
1041,1224092.0,Win
1042,1224093.0,Defeat
1043,1224094.0,Win
1044,1224095.0,Win
1045,1224096.0,Win
1046,1224097.0,Draw
1047,1224098.0,Draw
1048,1224099.0,Win
1049,1224100.0,Defeat
1050,1224101.0,Draw
1051,1224102.0,Draw
1052,1224103.0,Win
1053,1224104.0,Draw
1054,1224105.0,Draw
1055,1224106.0,Defeat
1056,1224107.0,Win
1057,1224108.0,Win
1058,1224109.0,Defeat
1059,1224110.0,Win
1060,1224111.0,Win
1061,1224112.0,Win
1062,1224113.0,Draw
1063,1224114.0,Defeat
1064,1224115.0,Defeat
1065,1224116.0,Win
1066,1224117.0,Defeat
1067,1224118.0,Defeat
1068,1224119.0,Draw
1069,1224120.0,Win
1070,1224121.0,Win
1071,1224122.0,Draw
1072,1224123.0,Draw
1073,1224124.0,Defeat
1074,1224125.0,Defeat
1075,1224126.0,Defeat
1076,1224127.0,Win
1077,1224128.0,Win
1078,1224129.0,Defeat
1079,1224130.0,Defeat
1080,1224131.0,Defeat
1081,1224132.0,Win
1082,1224133.0,Defeat
1083,1224134.0,Draw
1084,1223991.0,Win
1085,1223992.0,Defeat
1086,1223993.0,Win
1087,1223994.0,Draw
1088,1223995.0,Draw
1089,1223996.0,Draw
1090,1223997.0,Draw
1091,1223998.0,Defeat
1092,1224135.0,Win
1094,1224137.0,Win
1095,1224138.0,Win
1096,1224139.0,Draw
1097,1224140.0,Defeat
1098,1224141.0,Draw
1099,1224142.0,Win
1100,1224143.0,Defeat
1101,1224144.0,Defeat
1102,1224145.0,Defeat
1103,1224146.0,Defeat
1104,1224147.0,Draw
1105,1224148.0,Defeat
1106,1224149.0,Draw
1107,1224150.0,Draw
1108,1224151.0,Draw
1109,1224152.0,Win
1110,1224153.0,Win
1111,1224154.0,Defeat
1113,1224156.0,Win
1114,1224157.0,Win
1115,1224158.0,Draw
1116,1224159.0,Defeat
1117,1224160.0,Win
1118,1224161.0,Draw
1119,1224162.0,Defeat
1120,1224163.0,Win
1122,1224165.0,Defeat
1123,1224166.0,Defeat
1124,1224167.0,Draw
1125,1224168.0,Win
1126,1224169.0,Draw
1127,1224170.0,Win
1128,1224171.0,Win
1130,1224173.0,Win
1131,1224174.0,Win
1132,1224175.0,Draw
1133,1224176.0,Win
1134,1224177.0,Win
1135,1224178.0,Win
1136,1224179.0,Win
1138,1224181.0,Win
1139,1224182.0,Defeat
1140,1224183.0,Win
1141,1224184.0,Defeat
1142,1224185.0,Defeat
1143,1224186.0,Win
1145,1224188.0,Win
1146,1224189.0,Win
1147,1224190.0,Defeat
1148,1224191.0,Win
1149,1224192.0,Win
1150,1224193.0,Win
1151,1224194.0,Draw
1153,1224196.0,Defeat
1154,1224197.0,Defeat
1155,1224198.0,Defeat
1156,1224199.0,Draw
1157,1224200.0,Draw
1158,1224201.0,Win
1160,1224203.0,Defeat
1161,1224204.0,Defeat
1162,1224205.0,Defeat
1164,1224207.0,Win
1165,1224208.0,Win
1166,1224209.0,Defeat
1167,1224210.0,Defeat
1170,1224213.0,Win
1171,1224214.0,Defeat
1172,1223999.0,Win
1173,1224000.0,Win
1174,1224001.0,Draw
1175,1224002.0,Draw
1176,1224003.0,Defeat
1177,1224004.0,Draw
1178,1224005.0,Draw
1179,1224006.0,Defeat
1181,1224216.0,Defeat
1182,1224217.0,Draw
1183,1224218.0,Win
1184,1224219.0,Win
1187,1224222.0,Defeat
1188,1224007.0,Win
1189,1224008.0,Win
1190,1224009.0,Defeat
1191,1224010.0,Win
1192,1224011.0,Win
1193,1224012.0,Win
1194,1224013.0,Draw
1195,1224014.0,Defeat
1196,1224015.0,Win
1197,1224016.0,Win
1198,1224017.0,Win
1199,1224018.0,Win
1200,1224019.0,Draw
1201,1224020.0,Win
1202,1224021.0,Defeat
1203,1224022.0,Defeat
1204,1224023.0,Win
1205,1224024.0,Draw
1206,1224025.0,Draw
1207,1224026.0,Defeat
1208,1224027.0,Defeat
1209,1224028.0,Defeat
1210,1224029.0,Draw
1212,1224031.0,Draw
1213,1224032.0,Defeat
1214,1224033.0,Win
1215,1224034.0,Defeat
1216,1224035.0,Draw
1217,1224036.0,Draw
1218,1224037.0,Defeat
1219,1224038.0,Defeat
1220,1224039.0,Win
1221,1224040.0,Defeat
1222,1224041.0,Win
1223,1224042.0,Defeat
1224,1224043.0,Defeat
1225,1224044.0,Draw
1226,1224045.0,Win
1227,1224046.0,Draw
1228,1224047.0,Win
1229,1224048.0,Win
1230,1224049.0,Draw
1231,1224050.0,Win
1232,1224051.0,Win
1233,1224052.0,Defeat
1234,1224053.0,Win
1235,1224054.0,Win
1236,1677179.0,Win
1237,1677180.0,Defeat
1238,1677181.0,Win
1239,1677182.0,Draw
1240,1677183.0,Win
1241,1677184.0,Win
1242,1677185.0,Defeat
1243,1677186.0,Defeat
1245,1677188.0,Draw
1246,1677189.0,Defeat
1247,1677190.0,Win
1248,1717817.0,Win
1249,1717818.0,Defeat
1250,1717819.0,Draw
1251,1717820.0,Win
1253,1717822.0,Win
1254,1717823.0,Win
1255,1717824.0,Win
1256,1717889.0,Win
1257,1717890.0,Draw
1258,1717891.0,Defeat
1259,1717892.0,Draw
1260,1717893.0,Win
1261,1717894.0,Win
1262,1717895.0,Draw
1263,1717896.0,Win
1264,1717897.0,Defeat
1265,1717898.0,Win
1266,1717899.0,Draw
1267,1717900.0,Draw
1268,1717901.0,Defeat
1269,1717902.0,Win
1270,1717903.0,Draw
1271,1717904.0,Defeat
1272,1717905.0,Draw
1273,1717906.0,Defeat
1274,1717907.0,Win
1275,1717908.0,Defeat
1276,1717909.0,Draw
1277,1717910.0,Defeat
1278,1717911.0,Win
1279,1717912.0,Defeat
1280,1717913.0,Win
1281,1717914.0,Win
1282,1717915.0,Win
1283,1717916.0,Defeat
1285,1717918.0,Defeat
1286,1717919.0,Draw
1287,1717920.0,Defeat
1289,1717922.0,Win
1290,1717923.0,Draw
1291,1717924.0,Win
1292,1717925.0,Defeat
1293,1717926.0,Defeat
1294,1717927.0,Win
1295,1717928.0,Defeat
1296,1717929.0,Win
1297,1717930.0,Defeat
1298,1717931.0,Defeat
1299,1717932.0,Defeat
1300,1717933.0,Defeat
1302,1717935.0,Win
1303,1717936.0,Draw
1306,1717939.0,Win
1307,1717940.0,Win
1308,1717941.0,Win
1309,1717942.0,Win
1310,1717943.0,Win
1311,1717944.0,Win
1312,1717945.0,Draw
1313,1717946.0,Defeat
1314,1717947.0,Win
1315,1717948.0,Draw
1317,1717950.0,Defeat
1319,1717952.0,Defeat
1320,1717953.0,Win
1321,1717954.0,Draw
1322,1717955.0,Win
1323,1717956.0,Defeat
1324,1717957.0,Win
1325,1717958.0,Draw
1326,1717959.0,Win
1327,1717960.0,Defeat
1328,1717961.0,Win
1329,1717962.0,Defeat
1330,1717963.0,Win
1331,1717964.0,Win
1332,1717965.0,Draw
1333,1717966.0,Draw
1334,1717967.0,Defeat
1335,1717968.0,Win
1336,1717825.0,Win
1337,1717826.0,Draw
1338,1717827.0,Win
1339,1717828.0,Defeat
1340,1717829.0,Defeat
1341,1717830.0,Win
1343,1717832.0,Defeat
1344,1717969.0,Win
1345,1717970.0,Defeat
1346,1717971.0,Win
1347,1717972.0,Win
1350,1717975.0,Draw
1351,1717976.0,Defeat
1352,1717977.0,Win
1353,1717978.0,Win
1354,1717979.0,Draw
1355,1717980.0,Defeat
1356,1717981.0,Defeat
1357,1717982.0,Win
1358,1717983.0,Defeat
1359,1717984.0,Win
1360,1717985.0,Draw
1361,1717986.0,Win
1362,1717987.0,Defeat
1363,1717988.0,Defeat
1364,1717989.0,Defeat
1365,1717990.0,Draw
1366,1717991.0,Draw
1367,1717992.0,Defeat
1368,1717993.0,Win
1369,1717994.0,Win
1370,1717995.0,Win
1371,1717996.0,Defeat
1372,1717997.0,Draw
1373,1717998.0,Defeat
1375,1718000.0,Defeat
1376,1718001.0,Win
1377,1718002.0,Draw
1378,1718003.0,Win
1380,1718005.0,Draw
1381,1718006.0,Defeat
1382,1718007.0,Win
1383,1718008.0,Draw
1385,1718010.0,Win
1386,1718011.0,Win
1387,1718012.0,Defeat
1388,1718013.0,Defeat
1389,1718014.0,Win
1390,1718015.0,Draw
1391,1718016.0,Defeat
1392,1718017.0,Draw
1393,1718018.0,Draw
1394,1718019.0,Draw
1395,1718020.0,Draw
1396,1718021.0,Defeat
1398,1718023.0,Defeat
1399,1718024.0,Win
1400,1718025.0,Win
1401,1718026.0,Defeat
1402,1718027.0,Win
1403,1718028.0,Defeat
1404,1718029.0,Win
1405,1718030.0,Win
1407,1718032.0,Draw
1409,1718034.0,Win
1410,1718035.0,Win
1411,1718036.0,Win
1412,1718037.0,Defeat
1414,1718039.0,Win
1415,1718040.0,Defeat
1416,1718041.0,Win
1417,1718042.0,Win
1418,1718043.0,Win
1419,1718044.0,Win
1420,1718045.0,Win
1421,1718046.0,Defeat
1422,1718047.0,Win
1423,1718048.0,Win
1424,1717833.0,Win
1425,1717834.0,Defeat
1426,1717835.0,Draw
1427,1717836.0,Draw
1428,1717837.0,Defeat
1429,1717838.0,Draw
1430,1717839.0,Draw
1431,1717840.0,Defeat
1432,1718049.0,Win
1433,1718050.0,Defeat
1434,1718051.0,Defeat
1435,1718052.0,Win
1436,1718053.0,Defeat
1437,1718054.0,Defeat
1438,1718055.0,Draw
1439,1718056.0,Draw
1440,1717841.0,Draw
1441,1717842.0,Win
1442,1717843.0,Win
1443,1717844.0,Draw
1444,1717845.0,Win
1445,1717846.0,Win
1446,1717847.0,Draw
1447,1717848.0,Draw
1448,1717849.0,Win
1449,1717850.0,Draw
1450,1717851.0,Win
1451,1717852.0,Draw
1452,1717853.0,Defeat
1453,1717854.0,Win
1454,1717855.0,Defeat
1455,1717856.0,Win
1456,1717857.0,Draw
1457,1717858.0,Defeat
1458,1717859.0,Draw
1459,1717860.0,Win
1462,1717863.0,Draw
1463,1717864.0,Win
1464,1717865.0,Defeat
1465,1717866.0,Draw
1467,1717868.0,Defeat
1468,1717869.0,Defeat
1469,1717870.0,Win
1470,1717871.0,Draw
1471,1717872.0,Win
1472,1717873.0,Win
1473,1717874.0,Win
1474,1717875.0,Defeat
1475,1717876.0,Win
1476,1717877.0,Defeat
1478,1717879.0,Win
1479,1717880.0,Defeat
1480,1717881.0,Draw
1481,1717882.0,Draw
1482,1717883.0,Draw
1483,1717884.0,Draw
1484,1717885.0,Defeat
1485,1717886.0,Win
1486,1717887.0,Win
1487,1717888.0,Defeat
1488,1979832.0,Win
1489,1979833.0,Win
1490,1979834.0,Win
1491,1979835.0,Win
1492,1979836.0,Win
1493,1979837.0,Draw
1494,1979838.0,Win
1495,1979839.0,Win
1496,1979896.0,Draw
1497,1979897.0,Win
1498,1979898.0,Win
1499,1979899.0,Win
1500,1979900.0,Win
1501,1979901.0,Draw
1502,1979902.0,Draw
1503,1979903.0,Defeat
1504,1979904.0,Win
1505,1979905.0,Defeat
1506,1979906.0,Win
1507,1979907.0,Defeat
1508,1979908.0,Defeat
1509,1979909.0,Defeat
1510,1979910.0,Win
1511,1979911.0,Defeat
1512,1979912.0,Win
1513,1979913.0,Draw
1514,1979914.0,Defeat
1515,1979915.0,Defeat
1516,1979916.0,Defeat
1517,1979917.0,Defeat
1518,1979918.0,Defeat
1519,1979919.0,Win
1520,1979920.0,Win
1521,1979921.0,Win
1522,1979922.0,Win
1523,1979923.0,Win
1524,1979924.0,Draw
1525,1979925.0,Defeat
1526,1979926.0,Draw
1527,1979927.0,Defeat
1528,1979928.0,Win
1529,1979929.0,Defeat
1530,1979930.0,Win
1531,1979931.0,Draw
1532,1979932.0,Draw
1533,1979933.0,Defeat
1534,1979934.0,Defeat
1535,1979935.0,Win
1536,1979936.0,Win
1537,1979937.0,Win
1538,1979938.0,Defeat
1539,1979939.0,Win
1540,1979940.0,Draw
1541,1979941.0,Draw
1542,1979942.0,Win
1543,1979943.0,Draw
1544,1979944.0,Win
1545,1979945.0,Draw
1546,1979946.0,Win
1547,1979947.0,Win
1548,1979948.0,Defeat
1549,1979949.0,Draw
1551,1979951.0,Win
1553,1979953.0,Defeat
1554,1979954.0,Defeat
1555,1979955.0,Defeat
1556,1979956.0,Win
1557,1979957.0,Defeat
1558,1979958.0,Defeat
1559,1979959.0,Defeat
1560,1979960.0,Win
1561,1979961.0,Draw
1562,1979962.0,Draw
1563,1979963.0,Defeat
1564,1979964.0,Defeat
1565,1979965.0,Win
1567,1979967.0,Draw
1568,1979968.0,Draw
1569,1979969.0,Win
1570,1979970.0,Draw
1571,1979971.0,Win
1572,1979972.0,Defeat
1574,1979974.0,Draw
1575,1979975.0,Defeat
1576,1979840.0,Win
1577,1979841.0,Win
1578,1979842.0,Win
1579,1979843.0,Win
1580,1979844.0,Defeat
1581,1979845.0,Draw
1582,1979846.0,Win
1583,1979847.0,Defeat
1584,1979976.0,Defeat
1585,1979977.0,Win
1586,1979978.0,Win
1587,1979979.0,Win
1588,1979980.0,Defeat
1589,1979981.0,Draw
1591,1979983.0,Win
1592,1979984.0,Win
1593,1979985.0,Win
1594,1979986.0,Win
1595,1979987.0,Win
1596,1979988.0,Defeat
1597,1979989.0,Win
1598,1979990.0,Defeat
1600,1979992.0,Win
1602,1979994.0,Win
1603,1979995.0,Draw
1604,1979996.0,Defeat
1605,1979997.0,Draw
1607,1979999.0,Win
1608,1980000.0,Win
1609,1980001.0,Defeat
1610,1980002.0,Draw
1611,1980003.0,Draw
1612,1980004.0,Draw
1613,1980005.0,Win
1614,1980006.0,Defeat
1615,1980007.0,Defeat
1616,1980008.0,Win
1617,1980009.0,Win
1618,1980010.0,Win
1619,1980011.0,Draw
1620,1980012.0,Win
1622,1980014.0,Defeat
1623,1980015.0,Defeat
1624,1980016.0,Win
1625,1980017.0,Defeat
1626,1980018.0,Draw
1627,1980019.0,Defeat
1628,1980020.0,Defeat
1629,1980021.0,Defeat
1630,1980022.0,Draw
1632,1980024.0,Win
1633,1980025.0,Win
1634,1980026.0,Win
1635,1980027.0,Defeat
1636,1980028.0,Draw
1638,1980030.0,Win
1639,1980031.0,Defeat
1640,1980032.0,Win
1641,1980033.0,Win
1642,1980034.0,Win
1643,1980035.0,Defeat
1645,1980037.0,Draw
1646,1980038.0,Win
1647,1980039.0,Win
1648,1980040.0,Draw
1649,1980041.0,Win
1650,1980042.0,Win
1651,1980043.0,Defeat
1652,1980044.0,Defeat
1653,1980045.0,Win
1654,1980046.0,Draw
1655,1980047.0,Defeat
1656,1980048.0,Win
1657,1980049.0,Win
1658,1980050.0,Draw
1659,1980051.0,Win
1660,1980052.0,Win
1661,1980053.0,Win
1662,1980054.0,Win
1663,1980055.0,Draw
1664,1979848.0,Draw
1665,1979849.0,Draw
1666,1979850.0,Win
1667,1979851.0,Draw
1668,1979852.0,Win
1669,1979853.0,Draw
1670,1979854.0,Draw
1671,1979855.0,Win
1672,1980056.0,Win
1673,1980057.0,Win
1674,1980058.0,Win
1675,1980059.0,Win
1676,1980060.0,Draw
1677,1980061.0,Defeat
1678,1980062.0,Win
1679,1980063.0,Draw
1680,1979856.0,Win
1681,1979857.0,Draw
1682,1979858.0,Win
1683,1979859.0,Win
1684,1979860.0,Win
1685,1979861.0,Win
1686,1979862.0,Win
1687,1979863.0,Win
1688,1979864.0,Win
1689,1979865.0,Defeat
1690,1979866.0,Win
1691,1979867.0,Win
1692,1979868.0,Draw
1693,1979869.0,Draw
1694,1979870.0,Draw
1695,1979871.0,Win
1696,1980065.0,Win
1697,1980066.0,Win
1698,1980067.0,Draw
1699,1980068.0,Win
1700,1980069.0,Defeat
1701,1980070.0,Defeat
1702,1980071.0,Defeat
1703,1980072.0,Defeat
1704,1979872.0,Draw
1705,1979873.0,Defeat
1706,1979874.0,Draw
1707,1979875.0,Draw
1708,1979876.0,Win
1710,1979878.0,Defeat
1711,1979879.0,Draw
1712,1979880.0,Win
1713,1979881.0,Win
1714,1979882.0,Win
1715,1979883.0,Win
1716,1979884.0,Defeat
1717,1979885.0,Draw
1719,1979887.0,Defeat
1720,1979888.0,Win
1722,1979890.0,Defeat
1723,1979891.0,Win
1724,1979892.0,Draw
1725,1979893.0,Defeat
1726,1979894.0,Win
1727,1979895.0,Defeat
1728,489042.0,Draw
1729,489043.0,Win
1730,489044.0,Defeat
1731,489045.0,Win
1733,489047.0,Defeat
1734,489048.0,Win
1735,489049.0,Win
1736,489050.0,Win
1737,489051.0,Win
1738,489132.0,Win
1739,489133.0,Draw
1740,489134.0,Win
1741,489135.0,Defeat
1742,489136.0,Defeat
1744,489138.0,Win
1746,489140.0,Win
1747,489141.0,Win
1748,489142.0,Win
1749,489143.0,Win
1750,489144.0,Win
1751,489145.0,Draw
1752,489146.0,Win
1753,489147.0,Win
1754,489148.0,Draw
1755,489149.0,Defeat
1756,489150.0,Win
1757,489151.0,Win
1758,489152.0,Win
1759,489153.0,Win
1760,489154.0,Defeat
1761,489155.0,Defeat
1762,489156.0,Defeat
1763,489157.0,Defeat
1765,489159.0,Win
1766,489160.0,Defeat
1767,489161.0,Draw
1768,489162.0,Win
1769,489163.0,Defeat
1770,489164.0,Draw
1771,489165.0,Draw
1772,489166.0,Draw
1773,489167.0,Defeat
1774,489168.0,Win
1775,489169.0,Defeat
1776,489170.0,Defeat
1777,489171.0,Draw
1778,489172.0,Draw
1779,489173.0,Defeat
1780,489174.0,Win
1781,489175.0,Draw
1782,489176.0,Defeat
1783,489177.0,Win
1784,489178.0,Draw
1785,489179.0,Win
1786,489180.0,Win
1787,489181.0,Draw
1788,489182.0,Draw
1789,489183.0,Defeat
1790,489184.0,Defeat
1791,489185.0,Draw
1792,489186.0,Draw
1793,489187.0,Defeat
1794,489188.0,Win
1795,489189.0,Draw
1796,489190.0,Win
1797,489191.0,Defeat
1799,489193.0,Win
1800,489194.0,Defeat
1801,489195.0,Defeat
1802,489196.0,Draw
1803,489197.0,Defeat
1804,489198.0,Draw
1805,489199.0,Defeat
1806,489200.0,Draw
1807,489201.0,Win
1808,489202.0,Draw
1809,489203.0,Win
1810,489204.0,Draw
1811,489205.0,Win
1812,489206.0,Draw
1813,489207.0,Defeat
1814,489208.0,Defeat
1815,489209.0,Draw
1816,489210.0,Win
1817,489211.0,Draw
1818,489212.0,Win
1819,489213.0,Draw
1820,489214.0,Defeat
1821,489215.0,Draw
1822,489216.0,Win
1823,489217.0,Win
1824,489218.0,Win
1825,489219.0,Win
1826,489220.0,Win
1827,489221.0,Defeat
1828,489222.0,Win
1829,489224.0,Draw
1830,489225.0,Draw
1831,489226.0,Draw
1832,489227.0,Defeat
1833,489228.0,Win
1834,489229.0,Defeat
1835,489230.0,Defeat
1836,489231.0,Win
1837,489232.0,Win
1838,489052.0,Win
1839,489053.0,Defeat
1840,489054.0,Win
1842,489056.0,Draw
1843,489057.0,Win
1844,489058.0,Defeat
1845,489059.0,Defeat
1846,489060.0,Win
1847,489061.0,Defeat
1848,489233.0,Win
1849,489234.0,Win
1850,489235.0,Win
1851,489236.0,Win
1852,489237.0,Defeat
1853,489238.0,Draw
1854,489239.0,Draw
1855,489240.0,Defeat
1856,489241.0,Win
1857,489242.0,Defeat
1858,489243.0,Win
1859,489244.0,Win
1860,489245.0,Win
1861,489246.0,Win
1862,489247.0,Draw
1863,489248.0,Draw
1864,489249.0,Defeat
1865,489250.0,Win
1866,489251.0,Draw
1867,489252.0,Win
1868,489253.0,Draw
1869,489254.0,Defeat
1870,489255.0,Draw
1871,489256.0,Win
1872,489257.0,Win
1873,489258.0,Win
1874,489259.0,Defeat
1875,489260.0,Win
1876,489261.0,Defeat
1877,489262.0,Win
1878,489263.0,Win
1879,489264.0,Win
1880,489265.0,Win
1881,489266.0,Defeat
1882,489267.0,Defeat
1883,489268.0,Draw
1884,489269.0,Draw
1885,489270.0,Win
1886,489271.0,Draw
1887,489272.0,Win
1888,489273.0,Win
1889,489274.0,Draw
1890,489275.0,Win
1891,489276.0,Draw
1892,489277.0,Draw
1893,489278.0,Draw
1894,489279.0,Win
1895,489280.0,Win
1896,489281.0,Draw
1897,489282.0,Win
1898,489283.0,Win
1899,489284.0,Draw
1900,489285.0,Defeat
1901,489286.0,Win
1902,489287.0,Win
1903,489288.0,Defeat
1904,489289.0,Defeat
1905,489290.0,Defeat
1906,489291.0,Draw
1907,489292.0,Draw
1908,489293.0,Win
1909,489294.0,Draw
1910,489295.0,Draw
1911,489296.0,Defeat
1912,489297.0,Draw
1913,489298.0,Draw
1915,489300.0,Win
1916,489301.0,Defeat
1917,489302.0,Draw
1918,489303.0,Win
1919,489304.0,Draw
1920,489305.0,Draw
1921,489306.0,Win
1922,489307.0,Draw
1923,489308.0,Win
1924,489309.0,Win
1925,489310.0,Win
1926,489311.0,Defeat
1927,489312.0,Win
1928,489313.0,Win
1929,489314.0,Defeat
1930,489315.0,Defeat
1931,489316.0,Win
1932,489317.0,Defeat
1934,489319.0,Defeat
1935,489320.0,Win
1936,489321.0,Draw
1937,489322.0,Defeat
1938,489323.0,Defeat
1939,489324.0,Win
1941,489326.0,Draw
1942,489327.0,Defeat
1943,489328.0,Win
1944,489329.0,Draw
1945,489330.0,Defeat
1946,489331.0,Draw
1947,489332.0,Win
1948,489062.0,Win
1949,489063.0,Win
1951,489065.0,Win
1952,489066.0,Draw
1953,489067.0,Defeat
1954,489068.0,Win
1955,489069.0,Draw
1956,489070.0,Defeat
1957,489071.0,Draw
1958,489333.0,Win
1959,489334.0,Win
1960,489335.0,Defeat
1963,489338.0,Win
1964,489339.0,Draw
1965,489340.0,Win
1966,489341.0,Win
1967,489342.0,Win
1968,489343.0,Win
1969,489344.0,Win
1971,489346.0,Win
1972,489347.0,Defeat
1973,489348.0,Win
1974,489349.0,Defeat
1975,489350.0,Win
1976,489351.0,Defeat
1977,489352.0,Draw
1978,489353.0,Win
1981,489356.0,Draw
1982,489357.0,Win
1983,489358.0,Defeat
1984,489359.0,Draw
1985,489360.0,Draw
1986,489361.0,Defeat
1987,489362.0,Win
1988,489363.0,Draw
1990,489365.0,Win
1992,489367.0,Draw
1993,489368.0,Win
1994,489369.0,Win
1995,489370.0,Win
1996,489371.0,Defeat
1997,489372.0,Draw
1998,489373.0,Win
1999,489374.0,Win
2001,489376.0,Defeat
2002,489377.0,Draw
2003,489378.0,Win
2004,489379.0,Win
2005,489380.0,Draw
2006,489381.0,Win
2007,489382.0,Defeat
2008,489383.0,Win
2010,489385.0,Win
2011,489386.0,Win
2012,489387.0,Defeat
2013,489388.0,Win
2014,489389.0,Defeat
2016,489391.0,Draw
2017,489392.0,Win
2018,489393.0,Win
2019,489394.0,Defeat
2021,489396.0,Draw
2022,489397.0,Win
2023,489398.0,Win
2024,489399.0,Win
2026,489401.0,Win
2027,489402.0,Defeat
2028,489403.0,Draw
2029,489404.0,Win
2031,489406.0,Draw
2032,489407.0,Defeat
2033,489408.0,Draw
2034,489409.0,Defeat
2036,489411.0,Win
2038,489413.0,Win
2039,489414.0,Win
2041,489416.0,Win
2042,489417.0,Win
2043,489418.0,Win
2044,489419.0,Draw
2045,489420.0,Defeat
2046,489421.0,Defeat
2047,489422.0,Win
2048,489072.0,Win
2049,489073.0,Defeat
2050,489074.0,Defeat
2051,489075.0,Defeat
2052,489076.0,Defeat
2053,489077.0,Win
2054,489078.0,Win
2055,489079.0,Win
2056,489080.0,Defeat
2057,489081.0,Draw
2058,489082.0,Draw
2059,489083.0,Win
2060,489084.0,Draw
2061,489085.0,Win
2062,489086.0,Win
2063,489087.0,Win
2064,489088.0,Defeat
2065,489089.0,Defeat
2066,489090.0,Draw
2067,489091.0,Draw
2068,489092.0,Win
2069,489093.0,Defeat
2070,489094.0,Win
2071,489095.0,Defeat
2072,489096.0,Defeat
2074,489098.0,Defeat
2075,489099.0,Win
2076,489100.0,Defeat
2077,489101.0,Win
2079,489103.0,Defeat
2080,489104.0,Defeat
2081,489105.0,Draw
2082,489106.0,Defeat
2083,489107.0,Defeat
2084,489108.0,Win
2085,489109.0,Win
2086,489110.0,Defeat
2087,489111.0,Win
2088,489112.0,Win
2089,489113.0,Win
2090,489114.0,Win
2091,489115.0,Draw
2092,489116.0,Defeat
2093,489117.0,Draw
2096,489120.0,Win
2097,489121.0,Win
2099,489123.0,Win
2100,489124.0,Defeat
2101,489125.0,Draw
2102,489126.0,Win
2104,489128.0,Defeat
2105,489129.0,Draw
2106,489130.0,Defeat
2107,489131.0,Defeat
2108,658571.0,Win
2109,658574.0,Win
2110,658575.0,Defeat
2111,658576.0,Defeat
2112,658577.0,Defeat
2113,658578.0,Defeat
2114,658579.0,Defeat
2115,658580.0,Defeat
2116,658581.0,Win
2117,658582.0,Win
2118,658699.0,Defeat
2119,658700.0,Win
2120,658701.0,Win
2121,658702.0,Win
2122,658703.0,Defeat
2123,658704.0,Draw
2124,658705.0,Draw
2125,658706.0,Draw
2126,658707.0,Win
2127,658708.0,Draw
2128,658709.0,Win
2129,658710.0,Win
2130,658711.0,Win
2131,658712.0,Draw
2132,658713.0,Win
2133,658714.0,Defeat
2134,658715.0,Draw
2135,658716.0,Win
2136,658717.0,Draw
2137,658718.0,Draw
2138,658719.0,Draw
2139,658720.0,Win
2140,658721.0,Defeat
2141,658722.0,Defeat
2142,658723.0,Win
2143,658724.0,Draw
2144,658725.0,Draw
2145,658726.0,Win
2146,658727.0,Win
2147,658728.0,Win
2148,658729.0,Win
2149,658730.0,Win
2150,658791.0,Win
2151,658792.0,Draw
2152,658793.0,Win
2153,658794.0,Draw
2154,658795.0,Draw
2155,658796.0,Win
2156,658797.0,Win
2157,658798.0,Defeat
2158,658799.0,Defeat
2159,658800.0,Win
2160,658801.0,Defeat
2161,658802.0,Draw
2162,658803.0,Draw
2163,658804.0,Defeat
2164,658805.0,Draw
2165,658806.0,Draw
2166,658807.0,Defeat
2167,658808.0,Win
2168,658809.0,Win
2169,658810.0,Defeat
2170,658811.0,Defeat
2171,658812.0,Win
2172,658813.0,Win
2173,658814.0,Win
2174,658815.0,Draw
2175,658816.0,Draw
2176,658817.0,Win
2177,658818.0,Win
2178,658819.0,Defeat
2179,658820.0,Draw
2180,658821.0,Draw
2181,658822.0,Defeat
2182,658823.0,Defeat
2183,658824.0,Draw
2184,658825.0,Draw
2185,658826.0,Draw
2187,658828.0,Win
2189,658830.0,Defeat
2190,658831.0,Win
2191,658832.0,Win
2192,658833.0,Win
2193,658834.0,Draw
2194,658835.0,Win
2195,658836.0,Win
2196,658837.0,Win
2197,658838.0,Win
2198,658839.0,Win
2199,658840.0,Win
2200,658841.0,Draw
2201,658842.0,Draw
2202,658843.0,Win
2204,658845.0,Win
2205,658846.0,Draw
2206,658847.0,Defeat
2207,658848.0,Win
2208,658849.0,Draw
2209,658850.0,Win
2210,658851.0,Draw
2212,658920.0,Win
2213,658921.0,Defeat
2214,658922.0,Draw
2215,658923.0,Draw
2216,658924.0,Draw
2217,658925.0,Win
2218,658583.0,Win
2219,658584.0,Defeat
2220,658585.0,Win
2221,658586.0,Win
2222,658587.0,Win
2223,658588.0,Defeat
2224,658589.0,Win
2225,658590.0,Defeat
2226,658591.0,Win
2227,658592.0,Defeat
2228,658926.0,Defeat
2229,658927.0,Win
2230,658928.0,Defeat
2231,658929.0,Defeat
2232,658930.0,Win
2233,658931.0,Win
2234,658932.0,Draw
2235,658933.0,Draw
2236,658934.0,Defeat
2237,658935.0,Win
2238,658936.0,Defeat
2239,658937.0,Defeat
2240,658938.0,Win
2241,658939.0,Win
2242,658940.0,Draw
2243,658941.0,Win
2244,658942.0,Draw
2245,658943.0,Win
2246,658944.0,Draw
2247,658945.0,Draw
2248,658946.0,Defeat
2249,658947.0,Draw
2250,658948.0,Draw
2251,658949.0,Defeat
2252,658950.0,Win
2253,658951.0,Win
2254,658952.0,Win
2255,658953.0,Defeat
2256,658954.0,Win
2257,658955.0,Draw
2258,658956.0,Draw
2259,658957.0,Win
2260,658958.0,Draw
2261,658959.0,Draw
2262,658960.0,Win
2263,658961.0,Win
2264,658962.0,Win
2265,658963.0,Win
2266,658964.0,Win
2267,658965.0,Draw
2268,658966.0,Draw
2269,658967.0,Defeat
2270,658968.0,Draw
2271,658969.0,Win
2272,658970.0,Win
2273,658971.0,Draw
2274,658972.0,Defeat
2275,658973.0,Defeat
2276,658974.0,Defeat
2277,658975.0,Draw
2278,658976.0,Win
2279,658977.0,Win
2280,658978.0,Draw
2281,658979.0,Draw
2282,659020.0,Win
2283,659063.0,Win
2284,659064.0,Draw
2285,659065.0,Win
2286,659066.0,Win
2287,659067.0,Win
2288,659068.0,Win
2289,659069.0,Win
2290,659070.0,Win
2291,659071.0,Win
2292,659072.0,Draw
2293,659073.0,Draw
2294,659074.0,Win
2295,659075.0,Draw
2296,659076.0,Win
2297,659077.0,Win
2298,659078.0,Win
2299,659079.0,Defeat
2300,659080.0,Win
2301,659081.0,Win
2302,659082.0,Win
2303,659083.0,Win
2304,659084.0,Defeat
2305,659085.0,Defeat
2306,659086.0,Draw
2307,659087.0,Win
2308,659088.0,Draw
2309,659089.0,Win
2310,659090.0,Defeat
2311,659091.0,Win
2312,659092.0,Win
2313,659093.0,Defeat
2314,659094.0,Defeat
2315,659095.0,Win
2316,659096.0,Defeat
2317,659097.0,Win
2318,659098.0,Win
2319,659099.0,Defeat
2320,659100.0,Defeat
2321,659101.0,Defeat
2322,659102.0,Win
2323,659103.0,Win
2324,659104.0,Draw
2325,659105.0,Win
2326,659106.0,Defeat
2327,659107.0,Defeat
2328,658593.0,Win
2329,658594.0,Defeat
2330,658595.0,Win
2331,658596.0,Defeat
2332,658597.0,Win
2333,658598.0,Defeat
2334,658599.0,Draw
2335,658600.0,Win
2336,658601.0,Win
2337,658602.0,Defeat
2338,659108.0,Win
2339,659109.0,Draw
2340,659110.0,Draw
2341,659111.0,Win
2342,659112.0,Win
2343,659113.0,Defeat
2344,659114.0,Draw
2345,659115.0,Win
2346,659116.0,Defeat
2347,659117.0,Win
2348,659118.0,Win
2349,659119.0,Win
2350,659120.0,Win
2351,659121.0,Draw
2352,659122.0,Draw
2353,659123.0,Win
2354,659125.0,Win
2355,659126.0,Defeat
2356,659127.0,Win
2357,659128.0,Defeat
2358,659129.0,Win
2359,659130.0,Win
2360,659131.0,Win
2361,659132.0,Defeat
2362,659133.0,Defeat
2363,659134.0,Draw
2364,659135.0,Win
2365,659136.0,Win
2366,659137.0,Defeat
2367,659138.0,Draw
2368,659139.0,Win
2369,659140.0,Win
2370,659141.0,Draw
2371,659142.0,Defeat
2372,659143.0,Win
2373,659144.0,Draw
2375,659146.0,Defeat
2376,659147.0,Draw
2377,659148.0,Win
2378,659149.0,Win
2379,659150.0,Draw
2380,659151.0,Draw
2381,659152.0,Win
2382,659153.0,Win
2383,659154.0,Draw
2384,659155.0,Defeat
2385,659156.0,Win
2386,659157.0,Draw
2387,659158.0,Draw
2388,659159.0,Win
2389,659160.0,Win
2390,659161.0,Win
2391,659162.0,Defeat
2392,659163.0,Defeat
2393,659164.0,Win
2394,659165.0,Draw
2395,659166.0,Defeat
2396,659167.0,Draw
2397,659168.0,Defeat
2398,659169.0,Win
2399,659170.0,Defeat
2400,659171.0,Draw
2401,659172.0,Win
2402,659173.0,Win
2403,659174.0,Win
2404,659175.0,Defeat
2405,659176.0,Draw
2406,659177.0,Win
2407,659178.0,Draw
2408,659179.0,Draw
2409,659180.0,Win
2410,659181.0,Defeat
2411,659182.0,Draw
2412,659183.0,Win
2413,659184.0,Win
2414,659305.0,Win
2415,659366.0,Win
2416,659367.0,Win
2417,659368.0,Defeat
2418,659369.0,Win
2419,659370.0,Win
2420,659371.0,Win
2421,659372.0,Win
2422,659373.0,Win
2423,659374.0,Defeat
2424,659375.0,Win
2425,659376.0,Win
2427,659378.0,Draw
2428,658603.0,Win
2429,658604.0,Win
2430,658605.0,Win
2431,658606.0,Win
2432,658607.0,Draw
2433,658608.0,Draw
2434,658609.0,Defeat
2435,658610.0,Defeat
2436,658611.0,Win
2437,658612.0,Win
2438,658613.0,Win
2439,658614.0,Win
2440,658615.0,Defeat
2441,658616.0,Win
2442,658617.0,Win
2443,658618.0,Win
2444,658619.0,Defeat
2445,658620.0,Defeat
2446,658621.0,Defeat
2447,658622.0,Win
2448,658623.0,Win
2449,658624.0,Win
2450,658625.0,Defeat
2451,658626.0,Win
2452,658627.0,Win
2453,658628.0,Win
2454,658629.0,Draw
2455,658630.0,Defeat
2456,658631.0,Win
2457,658632.0,Win
2458,658633.0,Win
2460,658671.0,Win
2461,658672.0,Win
2462,658673.0,Defeat
2463,658674.0,Defeat
2464,658675.0,Win
2465,658676.0,Defeat
2466,658677.0,Win
2467,658678.0,Defeat
2468,658679.0,Draw
2469,658680.0,Defeat
2470,658681.0,Draw
2471,658682.0,Draw
2472,658683.0,Win
2473,658684.0,Win
2474,658685.0,Draw
2475,658686.0,Win
2476,658687.0,Draw
2477,658688.0,Win
2478,658689.0,Win
2479,658690.0,Win
2480,658691.0,Win
2481,658692.0,Draw
2482,658693.0,Win
2483,658694.0,Win
2484,658695.0,Win
2485,658696.0,Draw
2486,658697.0,Defeat
2487,658698.0,Win
2488,839796.0,Win
2489,839797.0,Win
2490,839799.0,Draw
2491,839800.0,Win
2492,839801.0,Draw
2493,839802.0,Win
2494,839803.0,Draw
2495,839804.0,Draw
2496,839805.0,Win
2497,840184.0,Defeat
2498,839904.0,Win
2499,839905.0,Win
2500,839906.0,Draw
2501,839907.0,Win
2502,839908.0,Win
2503,839909.0,Win
2504,839910.0,Defeat
2505,839911.0,Win
2506,839912.0,Defeat
2508,839914.0,Win
2509,839915.0,Defeat
2510,839916.0,Win
2511,839917.0,Win
2512,839918.0,Win
2513,839919.0,Draw
2514,839920.0,Draw
2515,839921.0,Win
2517,839923.0,Draw
2518,839924.0,Draw
2519,839925.0,Draw
2520,839926.0,Defeat
2521,839927.0,Win
2522,839928.0,Draw
2524,839930.0,Draw
2525,839931.0,Defeat
2526,839932.0,Draw
2527,839933.0,Win
2528,839934.0,Win
2529,839935.0,Draw
2530,839936.0,Draw
2531,839937.0,Defeat
2532,839938.0,Draw
2533,839939.0,Draw
2534,839940.0,Defeat
2535,839941.0,Win
2536,839942.0,Win
2537,839943.0,Defeat
2538,839944.0,Win
2539,839945.0,Defeat
2540,839946.0,Win
2541,839947.0,Draw
2542,839948.0,Win
2543,839949.0,Defeat
2544,839950.0,Win
2545,839951.0,Win
2546,839952.0,Defeat
2547,839953.0,Win
2548,839954.0,Win
2549,839955.0,Win
2550,839956.0,Win
2551,839957.0,Defeat
2552,839958.0,Defeat
2553,839959.0,Draw
2554,839960.0,Win
2555,839961.0,Draw
2556,839962.0,Draw
2557,839963.0,Draw
2558,839964.0,Win
2559,839965.0,Win
2560,839966.0,Win
2561,839967.0,Win
2562,839968.0,Win
2563,839969.0,Draw
2564,839970.0,Win
2565,839971.0,Defeat
2566,839972.0,Draw
2567,839973.0,Draw
2568,839974.0,Win
2569,839975.0,Draw
2570,839976.0,Defeat
2571,839977.0,Win
2572,839978.0,Draw
2573,839979.0,Win
2575,839981.0,Draw
2576,839982.0,Win
2577,839983.0,Defeat
2578,839984.0,Win
2579,839985.0,Win
2580,839986.0,Win
2581,839987.0,Defeat
2582,839988.0,Draw
2583,839989.0,Defeat
2584,839990.0,Draw
2585,839991.0,Win
2586,839992.0,Defeat
2587,839993.0,Win
2588,839994.0,Win
2589,839995.0,Win
2590,839996.0,Defeat
2591,839997.0,Draw
2592,839998.0,Defeat
2593,839999.0,Defeat
2594,840000.0,Defeat
2595,840001.0,Defeat
2596,840002.0,Win
2597,840003.0,Win
2598,839824.0,Win
2599,839825.0,Defeat
2600,839826.0,Draw
2601,839827.0,Win
2602,839828.0,Win
2603,839829.0,Draw
2604,839830.0,Win
2605,839831.0,Win
2606,839832.0,Defeat
2607,839833.0,Defeat
2608,840004.0,Defeat
2609,840005.0,Defeat
2610,840006.0,Win
2611,840007.0,Draw
2612,840008.0,Win
2613,840009.0,Draw
2614,840010.0,Defeat
2615,840011.0,Defeat
2616,840012.0,Draw
2617,840013.0,Win
2618,840055.0,Win
2619,840056.0,Win
2620,840057.0,Win
2621,840058.0,Win
2622,840059.0,Win
2623,840060.0,Defeat
2624,840061.0,Defeat
2625,840062.0,Win
2626,840063.0,Defeat
2627,840064.0,Draw
2628,840065.0,Win
2629,840066.0,Draw
2630,840067.0,Win
2631,840068.0,Draw
2632,840069.0,Defeat
2633,840070.0,Defeat
2634,840071.0,Win
2635,840072.0,Win
2636,840073.0,Win
2638,840075.0,Draw
2639,840076.0,Draw
2640,840077.0,Draw
2641,840078.0,Defeat
2642,840079.0,Win
2644,840081.0,Win
2645,840082.0,Win
2646,840083.0,Draw
2647,840084.0,Win
2649,840086.0,Win
2650,840087.0,Win
2651,840088.0,Draw
2652,840089.0,Draw
2653,840090.0,Defeat
2654,840091.0,Win
2655,840092.0,Win
2656,840093.0,Defeat
2657,840094.0,Defeat
2658,840095.0,Win
2659,840096.0,Win
2660,840097.0,Defeat
2661,840098.0,Draw
2662,840099.0,Win
2664,840101.0,Defeat
2665,840102.0,Win
2666,840103.0,Defeat
2667,840104.0,Win
2668,840105.0,Win
2669,840106.0,Defeat
2670,840107.0,Draw
2671,840108.0,Win
2672,840109.0,Draw
2673,840110.0,Win
2674,840111.0,Win
2675,840112.0,Win
2676,840113.0,Win
2677,840114.0,Defeat
2678,840115.0,Win
2679,840116.0,Win
2680,840117.0,Draw
2681,840118.0,Defeat
2682,840119.0,Draw
2683,840120.0,Draw
2684,840121.0,Win
2685,840122.0,Win
2686,840123.0,Draw
2687,840124.0,Draw
2688,840125.0,Draw
2689,840126.0,Win
2690,840127.0,Win
2691,840128.0,Win
2692,840129.0,Draw
2693,840130.0,Draw
2694,840131.0,Win
2695,840132.0,Draw
2696,840133.0,Defeat
2697,840134.0,Win
2698,840135.0,Draw
2699,840136.0,Win
2700,840137.0,Win
2701,840138.0,Defeat
2702,840139.0,Win
2703,840140.0,Draw
2704,840141.0,Win
2705,840142.0,Defeat
2706,840143.0,Win
2707,840144.0,Defeat
2708,839834.0,Win
2709,839835.0,Win
2710,839836.0,Win
2711,839837.0,Defeat
2712,839838.0,Win
2713,839839.0,Draw
2714,839840.0,Defeat
2715,839841.0,Draw
2716,839842.0,Draw
2717,839843.0,Win
2718,840145.0,Win
2719,840146.0,Defeat
2720,840147.0,Draw
2721,840148.0,Defeat
2722,840149.0,Win
2723,840150.0,Draw
2724,840151.0,Draw
2725,840152.0,Win
2726,840153.0,Win
2727,840154.0,Win
2728,840155.0,Draw
2729,840156.0,Defeat
2730,840157.0,Draw
2731,840158.0,Win
2732,840159.0,Win
2733,840160.0,Win
2734,840161.0,Win
2736,840163.0,Draw
2737,840164.0,Draw
2738,840165.0,Win
2739,840166.0,Win
2741,840168.0,Win
2742,840169.0,Win
2743,840170.0,Defeat
2744,840171.0,Draw
2745,840172.0,Win
2746,840173.0,Defeat
2747,840174.0,Win
2748,839798.0,Defeat
2749,840175.0,Draw
2750,840176.0,Defeat
2751,840177.0,Win
2752,840178.0,Draw
2753,840179.0,Win
2754,840180.0,Win
2755,840181.0,Win
2756,840182.0,Defeat
2757,840183.0,Win
2758,840185.0,Win
2759,840186.0,Win
2760,840187.0,Win
2761,840188.0,Draw
2762,840189.0,Draw
2763,840190.0,Draw
2764,840191.0,Defeat
2765,840192.0,Win
2766,840193.0,Draw
2767,840194.0,Win
2768,840195.0,Win
2769,840196.0,Win
2770,840197.0,Defeat
2771,840198.0,Win
2772,840199.0,Win
2773,840200.0,Draw
2775,840202.0,Draw
2776,840203.0,Draw
2777,840204.0,Win
2778,840205.0,Win
2779,840206.0,Draw
2780,840207.0,Draw
2781,840208.0,Draw
2782,840209.0,Win
2783,840210.0,Win
2785,840212.0,Defeat
2786,840213.0,Defeat
2787,840214.0,Win
2788,840215.0,Defeat
2789,840216.0,Defeat
2790,840217.0,Defeat
2791,840218.0,Win
2792,840219.0,Draw
2793,840220.0,Defeat
2795,840222.0,Win
2796,840223.0,Win
2797,840224.0,Draw
2798,840225.0,Win
2799,840226.0,Win
2800,840227.0,Defeat
2801,840228.0,Win
2802,840229.0,Win
2803,840230.0,Draw
2804,840231.0,Defeat
2805,840232.0,Draw
2806,840233.0,Defeat
2807,840234.0,Defeat
2808,839844.0,Win
2809,839845.0,Defeat
2810,839846.0,Draw
2811,839847.0,Defeat
2812,839848.0,Draw
2813,839849.0,Win
2814,839850.0,Draw
2815,839851.0,Draw
2816,839852.0,Win
2817,839853.0,Draw
2818,839854.0,Win
2819,839855.0,Draw
2820,839856.0,Win
2821,839857.0,Draw
2822,839858.0,Defeat
2823,839859.0,Draw
2824,839860.0,Win
2825,839861.0,Draw
2826,839862.0,Defeat
2827,839863.0,Win
2828,839864.0,Defeat
2829,839865.0,Draw
2830,839866.0,Win
2831,839867.0,Defeat
2832,839868.0,Win
2833,839869.0,Defeat
2834,839870.0,Draw
2835,839871.0,Draw
2836,839872.0,Draw
2837,839873.0,Defeat
2838,839874.0,Defeat
2839,839875.0,Draw
2840,839876.0,Win
2841,839877.0,Draw
2842,839878.0,Win
2843,839879.0,Defeat
2844,839880.0,Draw
2845,839881.0,Win
2846,839882.0,Win
2847,839883.0,Win
2848,839884.0,Draw
2849,839885.0,Win
2850,839886.0,Draw
2851,839887.0,Win
2852,839888.0,Draw
2853,839889.0,Draw
2854,839890.0,Draw
2855,839891.0,Defeat
2856,839892.0,Win
2857,839893.0,Defeat
2858,839894.0,Win
2859,839895.0,Win
2860,839896.0,Draw
2861,839897.0,Defeat
2862,839898.0,Defeat
2863,839899.0,Win
2864,839900.0,Win
2865,839901.0,Defeat
2866,839902.0,Draw
2867,839903.0,Win
2868,1024172.0,Defeat
2869,1024173.0,Draw
2870,1024175.0,Draw
2871,1024179.0,Win
2872,1024182.0,Draw
2873,1024183.0,Defeat
2874,1024186.0,Draw
2875,1024188.0,Win
2876,1024191.0,Defeat
2877,1024192.0,Draw
2878,1024671.0,Defeat
2879,1024675.0,Defeat
2880,1024682.0,Win
2881,1024686.0,Draw
2882,1024692.0,Defeat
2883,1024695.0,Draw
2884,1024700.0,Win
2885,1024707.0,Win
2886,1024712.0,Defeat
2887,1024718.0,Defeat
2889,1024733.0,Win
2890,1024737.0,Defeat
2891,1024745.0,Win
2892,1024748.0,Defeat
2893,1024753.0,Draw
2894,1024759.0,Win
2895,1024765.0,Win
2896,1024773.0,Defeat
2897,1024777.0,Win
2898,1024787.0,Defeat
2899,1024792.0,Win
2900,1024795.0,Win
2901,1024798.0,Defeat
2902,1024804.0,Defeat
2903,1024809.0,Draw
2904,1024815.0,Defeat
2905,1024820.0,Win
2906,1024822.0,Win
2907,1024825.0,Draw
2908,1024830.0,Draw
2909,1024834.0,Defeat
2910,1024837.0,Win
2911,1024841.0,Draw
2912,1024845.0,Draw
2913,1024848.0,Win
2914,1024851.0,Win
2915,1024865.0,Defeat
2916,1024868.0,Draw
2917,1024871.0,Defeat
2918,1024882.0,Defeat
2920,1024891.0,Defeat
2921,1024895.0,Win
2922,1024899.0,Win
2923,1024905.0,Defeat
2924,1024907.0,Draw
2925,1024910.0,Win
2926,1024913.0,Defeat
2927,1024915.0,Win
2928,1024920.0,Win
2929,1024923.0,Defeat
2930,1024930.0,Win
2931,1024934.0,Win
2932,1024940.0,Win
2933,1024943.0,Win
2934,1024952.0,Win
2935,1024958.0,Win
2937,1024965.0,Defeat
2938,1024973.0,Defeat
2939,1024977.0,Defeat
2940,1024983.0,Draw
2941,1024987.0,Win
2942,1024992.0,Win
2944,1025001.0,Defeat
2945,1025006.0,Win
2946,1025009.0,Draw
2947,1025011.0,Defeat
2948,1025019.0,Defeat
2949,1025023.0,Draw
2950,1025028.0,Draw
2951,1025033.0,Draw
2952,1025040.0,Defeat
2953,1025046.0,Defeat
2955,1025054.0,Defeat
2956,1025058.0,Win
2957,1025063.0,Defeat
2958,1025078.0,Draw
2959,1025081.0,Defeat
2960,1025084.0,Draw
2961,1025090.0,Draw
2962,1025092.0,Win
2963,1025098.0,Defeat
2964,1025102.0,Draw
2965,1025108.0,Draw
2967,1025117.0,Draw
2968,1025124.0,Win
2969,1025131.0,Draw
2970,1025137.0,Defeat
2971,1025141.0,Win
2972,1025144.0,Defeat
2973,1025149.0,Draw
2974,1025153.0,Draw
2975,1025157.0,Win
2977,1025173.0,Defeat
2978,1024285.0,Defeat
2979,1024290.0,Win
2980,1024295.0,Defeat
2981,1024299.0,Win
2982,1024304.0,Defeat
2983,1024308.0,Win
2984,1024313.0,Draw
2985,1024315.0,Defeat
2986,1024321.0,Draw
2987,1024324.0,Win
2988,1025185.0,Defeat
2989,1025191.0,Defeat
2990,1025198.0,Defeat
2991,1025202.0,Win
2992,1025207.0,Win
2993,1025212.0,Win
2994,1025216.0,Defeat
2996,1025222.0,Defeat
2997,1025228.0,Defeat
2998,1025240.0,Draw
2999,1025244.0,Win
3000,1025248.0,Win
3001,1025251.0,Draw
3002,1025255.0,Win
3003,1025257.0,Win
3004,1025260.0,Win
3005,1025261.0,Draw
3007,1025265.0,Defeat
3008,1025274.0,Defeat
3009,1025278.0,Win
3010,1025282.0,Draw
3011,1025287.0,Win
3012,1025293.0,Win
3013,1025298.0,Draw
3014,1025300.0,Win
3016,1025308.0,Win
3017,1025314.0,Defeat
3018,1025405.0,Draw
3019,1025410.0,Win
3020,1025416.0,Win
3021,1025419.0,Draw
3022,1025422.0,Win
3023,1025424.0,Defeat
3024,1025436.0,Draw
3025,1025444.0,Defeat
3026,1025448.0,Win
3028,1025469.0,Win
3029,1025473.0,Draw
3030,1025475.0,Draw
3031,1025479.0,Win
3032,1025483.0,Win
3033,1025487.0,Win
3034,1025489.0,Defeat
3035,1025492.0,Defeat
3036,1025495.0,Defeat
3037,1025499.0,Draw
3038,1025514.0,Defeat
3039,1025515.0,Win
3040,1025517.0,Defeat
3041,1025520.0,Win
3042,1025524.0,Win
3043,1025531.0,Win
3044,1025538.0,Defeat
3045,1025546.0,Defeat
3046,1025549.0,Win
3047,1025552.0,Defeat
3048,1025556.0,Win
3049,1025562.0,Win
3050,1025567.0,Win
3051,1025572.0,Win
3052,1025576.0,Draw
3053,1025582.0,Defeat
3054,1025587.0,Defeat
3055,1025592.0,Win
3056,1025595.0,Win
3057,1025599.0,Draw
3058,1025621.0,Draw
3059,1025630.0,Win
3060,1025634.0,Defeat
3061,1025637.0,Win
3062,1025640.0,Draw
3063,1025644.0,Draw
3064,1025648.0,Win
3065,1025653.0,Defeat
3066,1025658.0,Win
3067,1025665.0,Defeat
3068,1025678.0,Win
3069,1025682.0,Win
3070,1025684.0,Win
3071,1025689.0,Win
3072,1025693.0,Win
3073,1025699.0,Win
3074,1025704.0,Draw
3075,1025709.0,Win
3076,1025716.0,Win
3077,1025721.0,Defeat
3078,1025729.0,Defeat
3079,1025735.0,Win
3080,1025739.0,Defeat
3081,1025742.0,Defeat
3082,1025747.0,Win
3083,1025752.0,Win
3084,1025756.0,Win
3085,1025759.0,Draw
3086,1025762.0,Draw
3087,1025765.0,Defeat
3088,1024328.0,Draw
3089,1024332.0,Defeat
3090,1024337.0,Win
3091,1024342.0,Win
3092,1024348.0,Win
3093,1024350.0,Win
3094,1024355.0,Draw
3095,1024358.0,Defeat
3096,1024363.0,Defeat
3097,1024367.0,Win
3098,1025771.0,Win
3099,1025780.0,Win
3100,1025783.0,Draw
3101,1025786.0,Defeat
3102,1025790.0,Win
3103,1025794.0,Win
3104,1025796.0,Draw
3105,1025802.0,Win
3106,1025805.0,Defeat
3107,1025810.0,Defeat
3108,1025815.0,Defeat
3109,1025820.0,Defeat
3110,1025824.0,Win
3111,1025829.0,Win
3112,1025832.0,Draw
3113,1025836.0,Win
3114,1025842.0,Win
3115,1025845.0,Win
3116,1025848.0,Win
3117,1025851.0,Defeat
3118,1025864.0,Win
3119,1025867.0,Defeat
3120,1025874.0,Win
3121,1025879.0,Draw
3122,1025884.0,Win
3123,1025886.0,Draw
3124,1025890.0,Win
3125,1025894.0,Draw
3126,1025898.0,Defeat
3127,1025902.0,Win
3128,1025915.0,Draw
3129,1025919.0,Defeat
3130,1025923.0,Win
3131,1025927.0,Draw
3133,1025931.0,Win
3134,1025935.0,Win
3135,1025938.0,Defeat
3136,1025942.0,Win
3137,1025946.0,Defeat
3138,1025952.0,Defeat
3139,1025958.0,Defeat
3140,1025961.0,Defeat
3141,1025964.0,Defeat
3142,1025969.0,Win
3143,1025975.0,Defeat
3144,1025978.0,Draw
3145,1025982.0,Draw
3146,1025987.0,Win
3147,1025993.0,Win
3148,1025999.0,Draw
3149,1026004.0,Draw
3150,1026009.0,Win
3151,1026016.0,Draw
3152,1026023.0,Win
3153,1026027.0,Defeat
3154,1026031.0,Draw
3155,1026042.0,Win
3156,1026044.0,Win
3157,1026048.0,Defeat
3158,1026055.0,Win
3159,1026060.0,Win
3160,1026062.0,Win
3161,1026067.0,Defeat
3162,1026072.0,Draw
3163,1026075.0,Draw
3164,1026081.0,Draw
3165,1026084.0,Win
3166,1026089.0,Draw
3167,1026093.0,Win
3168,1026108.0,Draw
3169,1026112.0,Draw
3170,1026118.0,Defeat
3171,1026122.0,Draw
3172,1026125.0,Win
3173,1026131.0,Win
3174,1026135.0,Win
3175,1026141.0,Defeat
3176,1026146.0,Win
3177,1026150.0,Draw
3178,1026161.0,Win
3179,1026165.0,Win
3180,1026167.0,Win
3181,1026180.0,Win
3182,1026183.0,Draw
3183,1026188.0,Defeat
3184,1026194.0,Win
3185,1026201.0,Win
3187,1026210.0,Win
3188,1024396.0,Win
3189,1024401.0,Defeat
3190,1024403.0,Draw
3191,1024407.0,Draw
3192,1024412.0,Win
3193,1024415.0,Defeat
3194,1024417.0,Draw
3195,1024421.0,Win
3196,1024424.0,Defeat
3197,1024427.0,Defeat
3198,1024438.0,Draw
3199,1024440.0,Win
3200,1024443.0,Defeat
3201,1024445.0,Win
3202,1024449.0,Draw
3203,1024452.0,Win
3204,1024455.0,Win
3205,1024459.0,Win
3206,1024464.0,Win
3207,1024468.0,Defeat
3208,1024479.0,Win
3209,1024482.0,Win
3210,1024484.0,Win
3211,1024490.0,Win
3212,1024492.0,Win
3213,1024497.0,Win
3214,1024502.0,Draw
3215,1024506.0,Draw
3216,1024510.0,Draw
3217,1024515.0,Defeat
3218,1024525.0,Win
3219,1024531.0,Defeat
3220,1024534.0,Defeat
3221,1024537.0,Defeat
3222,1024539.0,Win
3223,1024542.0,Win
3224,1024545.0,Draw
3225,1024547.0,Win
3226,1024549.0,Win
3227,1024554.0,Defeat
3228,1024563.0,Win
3229,1024568.0,Win
3230,1024573.0,Draw
3231,1024576.0,Win
3232,1024581.0,Draw
3233,1024589.0,Win
3234,1024595.0,Draw
3235,1024601.0,Win
3236,1024605.0,Win
3237,1024609.0,Defeat
3238,1024614.0,Win
3239,1024627.0,Defeat
3240,1024632.0,Defeat
3241,1024635.0,Defeat
3242,1024638.0,Defeat
3243,1024644.0,Draw
3244,1024649.0,Defeat
3245,1024654.0,Win
3246,1024658.0,Win
3247,1024662.0,Draw
3248,1228229.0,Draw
3249,1228230.0,Win
3250,1228231.0,Win
3251,1228232.0,Win
3252,1228233.0,Win
3253,1228234.0,Defeat
3254,1228235.0,Draw
3255,1228236.0,Win
3256,1228237.0,Win
3257,1228238.0,Defeat
3258,1229196.0,Draw
3259,1229197.0,Draw
3260,1229198.0,Win
3261,1229199.0,Win
3262,1229200.0,Draw
3263,1229201.0,Defeat
3264,1229202.0,Draw
3265,1229204.0,Defeat
3266,1229205.0,Win
3267,1229206.0,Draw
3268,1229208.0,Draw
3269,1229209.0,Defeat
3270,1229210.0,Draw
3271,1229211.0,Win
3272,1229212.0,Win
3273,1229213.0,Defeat
3274,1229214.0,Draw
3275,1229215.0,Draw
3276,1229216.0,Win
3277,1229217.0,Defeat
3278,1229218.0,Win
3279,1229219.0,Defeat
3280,1229220.0,Win
3281,1229221.0,Win
3282,1229222.0,Defeat
3283,1229223.0,Win
3284,1229224.0,Defeat
3285,1229226.0,Win
3286,1229227.0,Win
3287,1229228.0,Draw
3288,1229229.0,Draw
3289,1229230.0,Draw
3290,1229231.0,Draw
3291,1229232.0,Win
3292,1229233.0,Win
3293,1229234.0,Win
3294,1229235.0,Defeat
3295,1229236.0,Draw
3296,1229237.0,Win
3297,1229238.0,Win
3298,1229239.0,Win
3299,1229240.0,Win
3300,1229241.0,Draw
3301,1229242.0,Win
3302,1229243.0,Draw
3303,1229244.0,Win
3304,1229245.0,Win
3305,1229246.0,Defeat
3306,1229247.0,Draw
3307,1229249.0,Draw
3308,1229250.0,Defeat
3309,1229251.0,Defeat
3310,1229253.0,Win
3311,1229254.0,Draw
3312,1229255.0,Win
3313,1229256.0,Win
3314,1229257.0,Draw
3315,1229258.0,Defeat
3316,1229259.0,Defeat
3317,1229260.0,Win
3318,1229261.0,Win
3319,1229262.0,Draw
3320,1229264.0,Win
3321,1229265.0,Win
3322,1229267.0,Defeat
3323,1229268.0,Win
3324,1229269.0,Defeat
3325,1229270.0,Defeat
3326,1229271.0,Defeat
3327,1229272.0,Draw
3328,1229273.0,Draw
3329,1229274.0,Defeat
3330,1229275.0,Win
3331,1229276.0,Defeat
3332,1229278.0,Win
3333,1229279.0,Win
3334,1229280.0,Defeat
3335,1229281.0,Draw
3336,1229282.0,Win
3337,1229283.0,Draw
3338,1229284.0,Win
3339,1229285.0,Win
3340,1229286.0,Win
3341,1229287.0,Win
3342,1229288.0,Defeat
3343,1229289.0,Draw
3344,1229290.0,Draw
3345,1229291.0,Win
3346,1229292.0,Defeat
3347,1229294.0,Defeat
3348,1229295.0,Win
3349,1229297.0,Defeat
3350,1229298.0,Win
3351,1229299.0,Draw
3352,1229300.0,Win
3353,1229301.0,Defeat
3354,1229302.0,Defeat
3355,1229303.0,Draw
3356,1229304.0,Win
3357,1229305.0,Win
3358,1228290.0,Defeat
3359,1228291.0,Win
3360,1228292.0,Draw
3361,1228293.0,Win
3362,1228294.0,Draw
3363,1228295.0,Defeat
3364,1228296.0,Draw
3365,1228297.0,Win
3366,1228298.0,Win
3367,1228299.0,Draw
3368,1229306.0,Win
3369,1229307.0,Defeat
3370,1229308.0,Defeat
3371,1229309.0,Defeat
3372,1229310.0,Win
3373,1229312.0,Defeat
3374,1229313.0,Defeat
3375,1229314.0,Win
3376,1229315.0,Draw
3377,1229316.0,Defeat
3378,1229317.0,Defeat
3379,1229318.0,Win
3380,1229319.0,Win
3381,1229322.0,Defeat
3382,1229323.0,Draw
3383,1229324.0,Draw
3384,1229325.0,Win
3385,1229326.0,Defeat
3386,1229327.0,Win
3387,1229328.0,Defeat
3388,1229329.0,Defeat
3389,1229330.0,Defeat
3390,1229331.0,Draw
3391,1229332.0,Draw
3392,1229333.0,Win
3393,1229334.0,Draw
3394,1229335.0,Draw
3395,1229336.0,Win
3396,1229337.0,Defeat
3397,1229338.0,Win
3398,1229340.0,Win
3399,1229341.0,Win
3400,1229342.0,Win
3401,1229343.0,Defeat
3402,1229344.0,Draw
3403,1229345.0,Win
3404,1229346.0,Draw
3405,1229347.0,Draw
3406,1229348.0,Draw
3407,1229349.0,Defeat
3408,1229350.0,Draw
3409,1229351.0,Defeat
3410,1229352.0,Win
3411,1229354.0,Draw
3412,1229355.0,Draw
3413,1229356.0,Draw
3414,1229357.0,Draw
3415,1229358.0,Draw
3416,1229359.0,Win
3417,1229360.0,Win
3418,1229361.0,Win
3419,1229362.0,Draw
3420,1229363.0,Defeat
3421,1229364.0,Draw
3422,1229365.0,Win
3423,1229367.0,Draw
3424,1229369.0,Win
3425,1229370.0,Defeat
3426,1229371.0,Win
3427,1229372.0,Draw
3428,1229373.0,Win
3429,1229374.0,Win
3430,1229375.0,Defeat
3431,1229376.0,Win
3432,1229377.0,Draw
3433,1229378.0,Win
3434,1229380.0,Win
3435,1229381.0,Defeat
3436,1229382.0,Win
3437,1229383.0,Win
3438,1229385.0,Win
3439,1229386.0,Win
3440,1229387.0,Win
3441,1229388.0,Win
3442,1229389.0,Win
3443,1229390.0,Win
3444,1229391.0,Defeat
3445,1229392.0,Defeat
3446,1229393.0,Win
3447,1229394.0,Defeat
3448,1229395.0,Defeat
3449,1229396.0,Win
3450,1229398.0,Win
3451,1229400.0,Win
3452,1229401.0,Defeat
3453,1229402.0,Defeat
3454,1229403.0,Draw
3455,1229404.0,Win
3456,1229405.0,Win
3457,1229406.0,Defeat
3458,1229407.0,Draw
3459,1229408.0,Defeat
3460,1229409.0,Win
3461,1229410.0,Win
3462,1229412.0,Win
3463,1229413.0,Draw
3464,1229414.0,Win
3465,1229415.0,Defeat
3466,1229416.0,Win
3467,1229417.0,Draw
3468,1228301.0,Win
3469,1228302.0,Defeat
3470,1228303.0,Win
3471,1228304.0,Draw
3472,1228305.0,Defeat
3473,1228306.0,Draw
3474,1228309.0,Draw
3475,1228318.0,Win
3476,1228319.0,Win
3477,1228320.0,Draw
3478,1229418.0,Win
3479,1229419.0,Win
3480,1229420.0,Win
3481,1229421.0,Win
3482,1229422.0,Win
3483,1229423.0,Draw
3484,1229424.0,Draw
3485,1229426.0,Defeat
3486,1229427.0,Defeat
3487,1229428.0,Win
3488,1229430.0,Win
3489,1229431.0,Defeat
3490,1229432.0,Win
3491,1229433.0,Win
3492,1229434.0,Win
3493,1229435.0,Win
3494,1229436.0,Defeat
3495,1229437.0,Defeat
3496,1229438.0,Win
3497,1229439.0,Win
3498,1229440.0,Win
3499,1229441.0,Draw
3500,1229442.0,Defeat
3501,1229443.0,Win
3502,1229444.0,Draw
3503,1229445.0,Draw
3504,1229446.0,Defeat
3505,1229448.0,Defeat
3506,1229449.0,Draw
3507,1229450.0,Defeat
3508,1229451.0,Win
3509,1229452.0,Draw
3510,1229453.0,Draw
3511,1229454.0,Win
3512,1229455.0,Win
3513,1229456.0,Defeat
3514,1229457.0,Draw
3515,1229458.0,Draw
3516,1229459.0,Defeat
3517,1229460.0,Defeat
3518,1229461.0,Defeat
3519,1229462.0,Draw
3520,1229463.0,Win
3521,1229464.0,Win
3522,1229465.0,Defeat
3523,1229466.0,Win
3524,1229467.0,Draw
3525,1229468.0,Win
3526,1229469.0,Draw
3527,1229470.0,Win
3528,1229471.0,Draw
3529,1229472.0,Win
3530,1229473.0,Win
3531,1229475.0,Win
3532,1229476.0,Win
3533,1229477.0,Defeat
3534,1229478.0,Draw
3535,1229479.0,Defeat
3536,1229480.0,Win
3537,1229481.0,Draw
3538,1229482.0,Defeat
3539,1229483.0,Draw
3540,1229484.0,Defeat
3541,1229485.0,Defeat
3542,1229486.0,Defeat
3543,1229487.0,Draw
3544,1229488.0,Draw
3545,1229490.0,Win
3546,1229491.0,Defeat
3547,1229492.0,Draw
3548,1229493.0,Win
3549,1229494.0,Defeat
3550,1229495.0,Win
3551,1229496.0,Defeat
3552,1229497.0,Win
3553,1229498.0,Win
3554,1229499.0,Defeat
3555,1229500.0,Defeat
3556,1229501.0,Defeat
3557,1229502.0,Draw
3558,1228307.0,Win
3559,1228308.0,Win
3560,1228310.0,Defeat
3561,1228311.0,Defeat
3562,1228312.0,Draw
3563,1228313.0,Defeat
3564,1228314.0,Win
3565,1228315.0,Draw
3566,1228316.0,Win
3567,1228317.0,Draw
3568,1228325.0,Win
3569,1228329.0,Win
3570,1228331.0,Draw
3571,1228335.0,Win
3572,1228339.0,Win
3573,1228342.0,Draw
3574,1228346.0,Draw
3575,1228349.0,Defeat
3576,1228351.0,Draw
3577,1228357.0,Draw
